compound_id	compound_name	treats	palliates	total_edges
DB01048	Abacavir	1	0	4
DB05812	Abiraterone	1	0	9
DB00659	Acamprosate	1	0	13
DB00284	Acarbose	1	0	8
DB01193	Acebutolol	1	0	6
DB01418	Acenocoumarol	0	0	7
DB01614	Acepromazine	0	0	8
DB01615	Aceprometazine	0	0	1
DB00316	Acetaminophen	0	0	23
DB00819	Acetazolamide	1	0	15
DB03166	Acetic acid	0	0	2
DB00551	Acetohydroxamic Acid	0	0	1
DB01063	Acetophenazine	0	0	2
DB08842	Acetylcarnitine	0	0	1
DB06151	Acetylcysteine	0	0	12
DB00511	Acetyldigitoxin	0	0	8
DB00945	Acetylsalicylic acid	1	0	17
DB00787	Aciclovir	0	0	6
DB00459	Acitretin	1	0	10
DB08897	Aclidinium	0	0	6
DB00210	Adapalene	0	0	6
DB00718	Adefovir Dipivoxil	1	0	11
DB00173	Adenine	0	0	7
DB00640	Adenosine	0	0	7
DB00131	Adenosine monophosphate	0	0	18
DB00171	Adenosine triphosphate	0	0	36
DB00546	Adinazolam	0	0	20
DB08916	Afatinib	0	0	13
DB06594	Agomelatine	0	0	6
DB01426	Ajmaline	0	0	3
DB00518	Albendazole	0	0	6
DB06766	Alcaftadine	0	0	1
DB00240	Alclometasone	0	0	3
DB00630	Alendronate	1	0	6
DB01436	Alfacalcidol	0	0	3
DB00802	Alfentanil	0	0	8
DB00346	Alfuzosin	0	0	5
DB01246	Alimemazine	0	0	2
DB00523	Alitretinoin	2	0	12
DB01425	Alizapride	0	0	1
DB00437	Allopurinol	0	0	4
DB01431	Allylestrenol	0	0	3
DB01430	Almitrine	0	0	1
DB00918	Almotriptan	0	0	10
DB06203	Alogliptin	0	0	3
DB00969	Alosetron	0	0	5
DB00132	Alpha-Linolenic Acid	0	0	7
DB00404	Alprazolam	0	0	12
DB00866	Alprenolol	0	0	5
DB00770	Alprostadil	0	0	8
DB00488	Altretamine	1	0	1
DB01370	Aluminium	0	0	2
DB01616	Alverine	0	0	1
DB06274	Alvimopan	0	0	3
DB00915	Amantadine	0	0	14
DB01122	Ambenonium	0	0	2
DB00288	Amcinonide	0	0	2
DB01143	Amifostine	0	0	3
DB00594	Amiloride	1	0	13
DB00513	Aminocaproic Acid	0	0	3
DB00357	Aminoglutethimide	0	0	5
DB00345	Aminohippurate	0	0	15
DB00855	Aminolevulinic acid	0	0	3
DB01424	Aminophenazone	0	0	11
DB01223	Aminophylline	1	0	10
DB00233	Aminosalicylic Acid	0	0	6
DB01118	Amiodarone	0	0	20
DB06288	Amisulpride	0	0	5
DB00321	Amitriptyline	1	0	47
DB01025	Amlexanox	0	0	8
DB00381	Amlodipine	1	0	22
DB01351	Amobarbital	0	0	12
DB00613	Amodiaquine	0	0	6
DB00543	Amoxapine	0	0	23
DB01060	Amoxicillin	0	0	4
DB00182	Amphetamine	0	0	12
DB00415	Ampicillin	0	0	5
DB00701	Amprenavir	0	0	9
DB01427	Amrinone	0	0	3
DB00276	Amsacrine	0	0	5
DB01612	Amyl Nitrite	0	0	2
DB00261	Anagrelide	0	0	2
DB01217	Anastrozole	1	0	5
DB00913	Anileridine	0	0	1
DB01125	Anisindione	0	0	1
DB00517	Anisotropine Methylbromide	0	0	3
DB08799	Antazoline	0	0	1
DB01435	Antipyrine	0	0	14
DB01419	Antrafenine	0	0	2
DB06605	Apixaban	0	0	10
DB00714	Apomorphine	0	0	17
DB00964	Apraclonidine	1	0	5
DB00673	Aprepitant	0	0	9
DB01429	Aprindine	0	0	6
DB01352	Aprobarbital	0	0	11
DB01102	Arbutamine	0	0	3
DB00407	Ardeparin	0	0	2
DB01274	Arformoterol	2	0	8
DB00278	Argatroban	0	0	3
DB01238	Aripiprazole	0	0	36
DB01169	Arsenic trioxide	0	0	12
DB06697	Artemether	1	0	7
DB09009	Articaine	0	0	3
DB06216	Asenapine	0	0	27
DB00168	Aspartame	0	0	5
DB00637	Astemizole	0	0	9
DB01072	Atazanavir	0	0	5
DB00335	Atenolol	0	0	3
DB00289	Atomoxetine	0	0	12
DB01076	Atorvastatin	2	0	26
DB01117	Atovaquone	0	0	2
DB00732	Atracurium	0	0	4
DB00572	Atropine	0	0	6
DB00995	Auranofin	2	0	5
DB06237	Avanafil	0	0	2
DB00928	Azacitidine	0	0	3
DB07402	Azapropazone	0	0	1
DB00719	Azatadine	0	0	2
DB00993	Azathioprine	5	0	11
DB00548	Azelaic Acid	0	0	3
DB00972	Azelastine	0	0	16
DB08795	Azidocillin	0	0	3
DB08822	Azilsartan medoxomil	0	0	1
DB00207	Azithromycin	0	0	4
DB00626	Bacitracin	0	0	2
DB00181	Baclofen	0	0	3
DB01014	Balsalazide	1	0	5
DB01408	Bambuterol	0	0	2
DB00394	Beclomethasone	2	0	5
DB08903	Bedaquiline	0	0	1
DB00542	Benazepril	1	0	5
DB00436	Bendroflumethiazide	1	0	7
DB00245	Benzatropine	0	0	6
DB01086	Benzocaine	0	0	12
DB00868	Benzonatate	0	0	1
DB00865	Benzphetamine	1	0	9
DB00562	Benzthiazide	0	0	6
DB06770	Benzyl alcohol	0	0	8
DB01053	Benzylpenicillin	0	0	11
DB00895	Benzylpenicilloyl Polylysine	0	0	2
DB04890	Bepotastine	0	0	1
DB01244	Bepridil	1	0	17
DB06698	Betahistine	0	0	2
DB00443	Betamethasone	10	0	18
DB00195	Betaxolol	1	0	5
DB00272	Betazole	0	0	1
DB01019	Bethanechol	0	0	2
DB00217	Bethanidine	0	0	2
DB01295	Bevantolol	0	0	3
DB00307	Bexarotene	0	0	5
DB01393	Bezafibrate	0	0	8
DB01128	Bicalutamide	1	0	6
DB04794	Bifonazole	0	0	7
DB00905	Bimatoprost	1	0	5
DB00121	Biotin	0	0	11
DB00810	Biperiden	0	0	5
DB09020	Bisacodyl	0	0	1
DB01294	Bismuth Subsalicylate	0	0	4
DB00612	Bisoprolol	0	0	4
DB00290	Bleomycin	6	0	9
DB08873	Boceprevir	0	0	8
DB08807	Bopindolol	0	0	5
DB00188	Bortezomib	1	0	18
DB00559	Bosentan	0	0	5
DB06616	Bosutinib	0	0	104
DB01158	Bretylium	0	0	2
DB00484	Brimonidine	1	0	5
DB01194	Brinzolamide	1	0	12
DB01558	Bromazepam	0	0	23
DB00963	Bromfenac	0	0	2
DB01200	Bromocriptine	1	0	24
DB01237	Bromodiphenhydramine	0	0	3
DB09018	Bromopride	0	0	1
DB00835	Brompheniramine	0	0	14
DB09017	Brotizolam	0	0	1
DB00354	Buclizine	0	0	2
DB01222	Budesonide	1	0	3
DB00887	Bumetanide	1	0	20
DB00297	Bupivacaine	0	0	7
DB08808	Bupranolol	0	0	3
DB00921	Buprenorphine	0	0	18
DB01156	Bupropion	1	0	13
DB00490	Buspirone	0	0	11
DB01008	Busulfan	0	0	6
DB00237	Butabarbital	0	0	8
DB00241	Butalbital	0	0	13
DB01091	Butenafine	0	0	1
DB01353	Butethal	0	0	11
DB00611	Butorphanol	0	0	3
DB06772	Cabazitaxel	0	0	17
DB00248	Cabergoline	0	0	21
DB00201	Caffeine	0	0	22
DB00146	Calcidiol	0	0	3
DB02300	Calcipotriol	1	0	4
DB00136	Calcitriol	2	0	6
DB00258	Calcium Acetate	1	0	1
DB08907	Canagliflozin	0	0	9
DB00796	Candesartan	1	0	7
DB00616	Candoxatril	0	0	2
DB01101	Capecitabine	4	0	10
DB09014	Captodiame	0	0	3
DB01197	Captopril	1	0	12
DB00411	Carbachol	1	0	6
DB00564	Carbamazepine	0	0	16
DB00578	Carbenicillin	0	0	2
DB01282	Carbetocin	0	0	1
DB00190	Carbidopa	0	0	1
DB00389	Carbimazole	0	0	2
DB00748	Carbinoxamine	0	0	8
DB00958	Carboplatin	6	0	21
DB00429	Carboprost Tromethamine	0	0	2
DB08889	Carfilzomib	0	0	7
DB06775	Carglumic Acid	0	0	1
DB00395	Carisoprodol	0	0	1
DB00262	Carmustine	5	0	7
DB00821	Carprofen	0	0	3
DB00521	Carteolol	1	0	4
DB01136	Carvedilol	0	0	26
DB00520	Caspofungin	0	0	6
DB01414	Cefacetrile	0	0	2
DB00833	Cefaclor	0	0	3
DB01140	Cefadroxil	0	0	5
DB00456	Cefalotin	0	0	9
DB01326	Cefamandole	0	0	5
DB01327	Cefazolin	0	0	7
DB00535	Cefdinir	0	0	4
DB01413	Cefepime	0	0	3
DB00671	Cefixime	0	0	3
DB00274	Cefmetazole	0	0	3
DB01328	Cefonicid	0	0	1
DB01329	Cefoperazone	0	0	5
DB00493	Cefotaxime	0	0	6
DB01330	Cefotetan	0	0	1
DB00229	Cefotiam	0	0	1
DB00430	Cefpiramide	0	0	1
DB01333	Cefradine	0	0	5
DB00438	Ceftazidime	0	0	4
DB01415	Ceftibuten	0	0	2
DB01332	Ceftizoxime	0	0	1
DB01212	Ceftriaxone	0	0	7
DB01112	Cefuroxime	0	0	2
DB00482	Celecoxib	0	0	17
DB00567	Cephalexin	0	0	9
DB00689	Cephaloglycin	0	0	1
DB09008	Cephaloridine	0	0	1
DB01034	Cerulenin	0	0	1
DB00403	Ceruletide	0	0	1
DB00341	Cetirizine	1	0	2
DB00050	Cetrorelix	0	0	2
DB00185	Cevimeline	0	0	5
DB06777	Chenodeoxycholic acid	1	0	5
DB00291	Chlorambucil	2	0	4
DB00446	Chloramphenicol	0	0	9
DB08936	Chlorcyclizine	0	0	1
DB00475	Chlordiazepoxide	0	0	9
DB00878	Chlorhexidine	0	0	6
DB00534	Chlormerodrin	0	0	2
DB01178	Chlormezanone	0	0	1
DB01161	Chloroprocaine	0	0	6
DB08800	Chloropyramine	0	0	2
DB00608	Chloroquine	0	0	9
DB00880	Chlorothiazide	1	0	6
DB01114	Chlorphenamine	0	0	11
DB00856	Chlorphenesin	0	0	5
DB00477	Chlorpromazine	0	0	33
DB00672	Chlorpropamide	1	0	10
DB01239	Chlorprothixene	0	0	14
DB00310	Chlorthalidone	1	0	11
DB00356	Chlorzoxazone	0	0	7
DB00169	Cholecalciferol	3	0	17
DB00122	Choline	0	0	31
DB01410	Ciclesonide	1	0	6
DB01188	Ciclopirox	0	0	1
DB00369	Cidofovir	0	0	2
DB01597	Cilastatin	0	0	3
DB01340	Cilazapril	0	0	4
DB01166	Cilostazol	0	0	8
DB00501	Cimetidine	1	0	27
DB01012	Cinacalcet	0	0	4
DB00587	Cinalukast	0	0	1
DB00527	Cinchocaine	0	0	6
DB08810	Cinitapride	0	0	3
DB00568	Cinnarizine	0	0	16
DB01594	Cinolazepam	0	0	16
DB00827	Cinoxacin	0	0	1
DB00537	Ciprofloxacin	0	0	7
DB00604	Cisapride	0	0	18
DB00565	Cisatracurium Besylate	0	0	4
DB00515	Cisplatin	6	0	31
DB00215	Citalopram	1	0	15
DB00242	Cladribine	2	0	17
DB01211	Clarithromycin	0	0	8
DB00283	Clemastine	0	0	3
DB01407	Clenbuterol	0	0	7
DB04920	Clevidipine	0	0	11
DB00771	Clidinium	0	0	2
DB01190	Clindamycin	0	0	1
DB00349	Clobazam	1	0	11
DB01013	Clobetasol propionate	1	0	4
DB00838	Clocortolone	0	0	1
DB00720	Clodronate	0	0	4
DB00631	Clofarabine	0	0	5
DB00845	Clofazimine	0	0	3
DB04837	Clofedanol	0	0	1
DB00636	Clofibrate	0	0	8
DB00882	Clomifene	1	0	13
DB01242	Clomipramine	0	0	15
DB01068	Clonazepam	1	0	10
DB00575	Clonidine	2	0	20
DB00758	Clopidogrel	1	0	11
DB00628	Clorazepate	0	0	9
DB01559	Clotiazepam	0	0	20
DB00257	Clotrimazole	0	0	20
DB01147	Cloxacillin	0	0	4
DB00363	Clozapine	0	0	41
DB00907	Cocaine	0	0	16
DB00318	Codeine	0	0	11
DB01394	Colchicine	1	0	12
DB00872	Conivaptan	0	0	3
DB00286	Conjugated Estrogens	0	0	26
DB01380	Cortisone acetate	0	0	2
DB00148	Creatine	0	0	8
DB08865	Crizotinib	0	0	85
DB01003	Cromoglicic acid	1	0	3
DB09000	Cyamemazine	0	0	3
DB00115	Cyanocobalamin	0	0	13
DB01000	Cyclacillin	0	0	3
DB04838	Cyclandelate	0	0	2
DB01176	Cyclizine	0	0	3
DB00924	Cyclobenzaprine	0	0	4
DB00979	Cyclopentolate	0	0	3
DB00531	Cyclophosphamide	0	0	12
DB00260	Cycloserine	0	0	2
DB00091	Cyclosporine	3	0	33
DB00606	Cyclothiazide	0	0	6
DB00942	Cycrimine	0	0	1
DB00434	Cyproheptadine	1	0	13
DB04839	Cyproterone acetate	0	0	3
DB00847	Cysteamine	0	0	3
DB00987	Cytarabine	2	0	15
DB09028	Cytisine	0	0	6
DB06695	Dabigatran etexilate	0	0	8
DB08912	Dabrafenib	0	0	14
DB00851	Dacarbazine	5	0	10
DB00970	Dactinomycin	8	0	13
DB06637	Dalfampridine	0	0	41
DB01764	Dalfopristin	0	0	1
DB01406	Danazol	0	0	8
DB01219	Dantrolene	0	0	3
DB06292	Dapagliflozin	0	0	14
DB00298	Dapiprazole	0	0	3
DB00250	Dapsone	3	0	17
DB00496	Darifenacin	0	0	7
DB01264	Darunavir	0	0	1
DB01254	Dasatinib	1	0	65
DB00694	Daunorubicin	1	0	20
DB04840	Debrisoquin	0	0	4
DB01245	Decamethonium	0	0	10
DB01262	Decitabine	0	0	3
DB01609	Deferasirox	0	0	1
DB08826	Deferiprone	0	0	1
DB00746	Deferoxamine	0	0	1
DB06699	Degarelix	0	0	1
DB00705	Delavirdine	1	0	10
DB00944	Demecarium	0	0	2
DB01089	Deserpidine	0	0	1
DB01189	Desflurane	0	0	29
DB01151	Desipramine	0	0	31
DB01078	Deslanoside	0	0	8
DB00967	Desloratadine	0	0	6
DB00035	Desmopressin	0	0	5
DB00304	Desogestrel	0	0	3
DB01260	Desonide	1	0	2
DB00547	Desoximetasone	0	0	1
DB06700	Desvenlafaxine	0	0	3
DB01234	Dexamethasone	11	0	42
DB00405	Dexbrompheniramine	0	0	2
DB01191	Dexfenfluramine	0	0	9
DB00633	Dexmedetomidine	0	0	10
DB06701	Dexmethylphenidate	0	0	4
DB00380	Dexrazoxane	0	0	2
DB01576	Dextroamphetamine	0	0	7
DB00514	Dextromethorphan	0	0	26
DB00647	Dextropropoxyphene	0	0	9
DB00509	Dextrothyroxine	1	0	9
DB01209	Dezocine	0	0	2
DB00829	Diazepam	1	0	33
DB01119	Diazoxide	0	0	8
DB00586	Diclofenac	0	0	30
DB01144	Diclofenamide	1	0	12
DB00485	Dicloxacillin	0	0	4
DB00266	Dicoumarol	0	0	5
DB00804	Dicyclomine	0	0	4
DB00900	Didanosine	0	0	4
DB00890	Dienestrol	0	0	1
DB00711	Diethylcarbamazine	0	0	3
DB00937	Diethylpropion	0	0	2
DB00255	Diethylstilbestrol	0	0	14
DB01501	Difenoxin	0	0	1
DB00223	Diflorasone	0	0	1
DB00861	Diflunisal	0	0	6
DB06781	Difluprednate	0	0	1
DB01396	Digitoxin	0	0	7
DB00390	Digoxin	0	0	22
DB00154	Dihomo-gamma-linolenic acid	0	0	3
DB01551	Dihydrocodeine	0	0	3
DB00320	Dihydroergotamine	0	0	8
DB01070	Dihydrotachysterol	0	0	1
DB01375	Dihydroxyaluminium	0	0	4
DB00343	Diltiazem	1	0	13
DB00985	Dimenhydrinate	2	0	4
DB08996	Dimetacrine	0	0	1
DB01093	Dimethyl sulfoxide	0	0	4
DB08801	Dimetindene	0	0	3
DB01160	Dinoprost Tromethamine	0	0	14
DB00917	Dinoprostone	0	0	27
DB00729	Diphemanil Methylsulfate	0	0	2
DB01075	Diphenhydramine	1	0	13
DB01231	Diphenidol	0	0	3
DB01081	Diphenoxylate	0	0	2
DB01146	Diphenylpyraline	0	0	2
DB00449	Dipivefrin	1	0	8
DB00975	Dipyridamole	0	0	26
DB00280	Disopyramide	0	0	10
DB00822	Disulfiram	1	0	7
DB00841	Dobutamine	0	0	6
DB01248	Docetaxel	6	0	35
DB00204	Dofetilide	0	0	4
DB00757	Dolasetron	0	0	4
DB08930	Dolutegravir	0	0	2
DB01184	Domperidone	0	0	12
DB00843	Donepezil	0	0	7
DB00988	Dopamine	0	0	24
DB00869	Dorzolamide	1	0	13
DB01135	Doxacurium chloride	0	0	6
DB00561	Doxapram	0	0	2
DB00590	Doxazosin	1	0	12
DB01142	Doxepin	0	0	30
DB00997	Doxorubicin	14	0	46
DB00254	Doxycycline	1	0	9
DB00366	Doxylamine	0	0	2
DB00470	Dronabinol	0	0	10
DB04855	Dronedarone	0	0	26
DB00450	Droperidol	0	0	4
DB01395	Drospirenone	0	0	5
DB00858	Drostanolone	0	0	3
DB06751	Drotaverine	0	0	2
DB06262	Droxidopa	0	0	13
DB00476	Duloxetine	0	0	9
DB01126	Dutasteride	0	0	4
DB00645	Dyclonine	0	0	1
DB00378	Dydrogesterone	0	0	1
DB00651	Dyphylline	1	0	10
DB05265	Ecabet	0	0	1
DB01057	Echothiophate	1	0	3
DB01127	Econazole	0	0	5
DB00974	Edetic Acid	0	0	4
DB01010	Edrophonium	0	0	2
DB00625	Efavirenz	1	0	7
DB00216	Eletriptan	0	0	14
DB06210	Eltrombopag	0	0	6
DB01084	Emedastine	0	0	1
DB00879	Emtricitabine	0	0	1
DB00584	Enalapril	2	0	10
DB01228	Encainide	0	0	2
DB00228	Enflurane	0	0	13
DB00467	Enoxacin	0	0	2
DB01225	Enoxaparin	0	0	3
DB04880	Enoximone	0	0	1
DB00824	Enprofylline	0	0	5
DB00494	Entacapone	0	0	2
DB00442	Entecavir	1	0	1
DB08899	Enzalutamide	0	0	10
DB01364	Ephedrine	0	0	6
DB00751	Epinastine	0	0	10
DB00668	Epinephrine	0	0	18
DB00445	Epirubicin	10	0	18
DB00700	Eplerenone	2	0	8
DB01240	Epoprostenol	0	0	5
DB00876	Eprosartan	1	0	4
DB02187	Equilin	0	0	2
DB00153	Ergocalciferol	2	0	9
DB01049	Ergoloid mesylate	0	0	4
DB01253	Ergonovine	0	0	5
DB00696	Ergotamine	0	0	18
DB08871	Eribulin	1	0	10
DB00530	Erlotinib	3	0	34
DB01613	Erythrityl Tetranitrate	0	0	2
DB00199	Erythromycin	0	0	11
DB01175	Escitalopram	0	0	10
DB00187	Esmolol	1	0	3
DB00736	Esomeprazole	1	0	5
DB01215	Estazolam	0	0	17
DB00783	Estradiol	2	0	38
DB08866	Estradiol valerate/Dienogest	1	0	2
DB01196	Estramustine	1	0	7
DB04573	Estriol	0	0	5
DB00655	Estrone	1	0	19
DB04574	Estropipate	1	0	9
DB00402	Eszopiclone	0	0	13
DB00903	Ethacrynic acid	1	0	6
DB00898	Ethanol	0	0	15
DB06689	Ethanolamine Oleate	0	0	4
DB00189	Ethchlorvynol	0	0	3
DB01031	Ethinamate	0	0	2
DB00977	Ethinyl Estradiol	2	0	14
DB00392	Ethopropazine	0	0	4
DB00593	Ethosuximide	0	0	7
DB00754	Ethotoin	0	0	11
DB01466	Ethylmorphine	0	0	7
DB00823	Ethynodiol	0	0	2
DB08987	Etidocaine	0	0	3
DB01077	Etidronic acid	2	0	4
DB00749	Etodolac	0	0	10
DB00292	Etomidate	0	0	8
DB00294	Etonogestrel	0	0	4
DB00773	Etoposide	9	0	28
DB01628	Etoricoxib	0	0	8
DB06414	Etravirine	0	0	5
DB01590	Everolimus	0	0	3
DB00990	Exemestane	1	0	3
DB00973	Ezetimibe	1	0	16
DB04953	Ezogabine	0	0	10
DB00426	Famciclovir	0	0	2
DB00927	Famotidine	0	0	5
DB00949	Felbamate	1	0	7
DB01023	Felodipine	0	0	23
DB00093	Felypressin	0	0	1
DB08981	Fenbufen	0	0	2
DB01463	Fencamfamine	0	0	1
DB01039	Fenofibrate	1	0	5
DB00800	Fenoldopam	1	0	10
DB00573	Fenoprofen	0	0	3
DB01288	Fenoterol	0	0	3
DB00813	Fentanyl	0	0	8
DB06702	Fesoterodine	0	0	8
DB00950	Fexofenadine	0	0	7
DB08874	Fidaxomicin	0	0	1
DB01216	Finasteride	0	0	7
DB08868	Fingolimod	1	0	11
DB03147	Flavin adenine dinucleotide	0	0	25
DB01148	Flavoxate	0	0	10
DB01195	Flecainide	0	0	4
DB08976	Floctafenine	0	0	2
DB00322	Floxuridine	0	0	2
DB00301	Flucloxacillin	0	0	1
DB00196	Fluconazole	0	0	8
DB01099	Flucytosine	0	0	1
DB01073	Fludarabine	2	0	7
DB01567	Fludiazepam	0	0	16
DB00687	Fludrocortisone	0	0	3
DB01205	Flumazenil	0	0	8
DB00663	Flumethasone Pivalate	0	0	2
DB04841	Flunarizine	0	0	13
DB00180	Flunisolide	2	0	5
DB01544	Flunitrazepam	0	0	17
DB00591	Fluocinolone Acetonide	1	0	4
DB01047	Fluocinonide	0	0	3
DB00693	Fluorescein	0	0	4
DB00324	Fluorometholone	0	0	3
DB00544	Fluorouracil	6	0	25
DB00472	Fluoxetine	0	0	15
DB01185	Fluoxymesterone	1	0	6
DB00875	Flupentixol	0	0	7
DB00623	Fluphenazine	0	0	16
DB06623	Flupirtine	0	0	1
DB00846	Flurandrenolide	0	0	2
DB00690	Flurazepam	0	0	24
DB00712	Flurbiprofen	0	0	11
DB04842	Fluspirilene	0	0	10
DB00499	Flutamide	0	0	8
DB00588	Fluticasone Propionate	1	0	10
DB08906	Fluticasone furoate	1	0	4
DB01095	Fluvastatin	0	0	17
DB00176	Fluvoxamine	0	0	15
DB00158	Folic Acid	0	0	12
DB01213	Fomepizole	0	0	6
DB00569	Fondaparinux sodium	0	0	2
DB01342	Forasartan	0	0	1
DB00983	Formoterol	2	0	8
DB01319	Fosamprenavir	0	0	1
DB06717	Fosaprepitant	0	0	1
DB00529	Foscarnet	0	0	2
DB00492	Fosinopril	1	0	4
DB01320	Fosphenytoin	1	0	8
DB06716	Fospropofol	0	0	15
DB00452	Framycetin	0	0	1
DB00998	Frovatriptan	0	0	4
DB00947	Fulvestrant	0	0	6
DB00614	Furazolidone	0	0	2
DB00695	Furosemide	3	0	22
DB02703	Fusidic Acid	0	0	2
DB00996	Gabapentin	1	0	6
DB00743	Gadobenate Dimeglumine	0	0	1
DB06705	Gadofosveset trisodium	0	0	1
DB00789	Gadopentetate dimeglumine	0	0	1
DB08884	Gadoxetate	0	0	5
DB00674	Galantamine	0	0	21
DB00483	Gallamine Triethiodide	0	0	3
DB05260	Gallium nitrate	0	0	5
DB01440	Gamma Hydroxybutyric Acid	0	0	5
DB01004	Ganciclovir	0	0	4
DB01044	Gatifloxacin	0	0	1
DB00317	Gefitinib	1	0	26
DB00441	Gemcitabine	4	0	19
DB01241	Gemfibrozil	1	0	8
DB00798	Gentamicin	0	0	2
DB00406	Gentian Violet	0	0	1
DB06730	Gestodene	0	0	3
DB01120	Gliclazide	0	0	6
DB00222	Glimepiride	0	0	4
DB01067	Glipizide	1	0	6
DB01251	Gliquidone	0	0	3
DB01289	Glisoxepide	0	0	3
DB01296	Glucosamine	0	0	6
DB00143	Glutathione	0	0	43
DB01437	Glutethimide	0	0	5
DB01016	Glyburide	2	0	26
DB08909	Glycerol Phenylbutyrate	0	0	1
DB00145	Glycine	0	0	31
DB01382	Glycodiazine	0	0	2
DB00986	Glycopyrrolate	0	0	5
DB00644	Gonadorelin	0	0	1
DB00014	Goserelin	1	0	3
DB00889	Granisetron	0	0	5
DB00400	Griseofulvin	0	0	3
DB00629	Guanabenz	1	0	6
DB00226	Guanadrel	1	0	2
DB01170	Guanethidine	1	0	3
DB01018	Guanfacine	1	0	7
DB00536	Guanidine	0	0	50
DB00801	Halazepam	0	0	19
DB00596	Halobetasol Propionate	0	0	2
DB01218	Halofantrine	0	0	5
DB00502	Haloperidol	0	0	26
DB00793	Haloprogin	0	0	1
DB01159	Halothane	0	0	43
DB01354	Heptabarbital	0	0	11
DB01452	Heroin	0	0	3
DB01094	Hesperetin	0	0	6
DB00756	Hexachlorophene	0	0	3
DB00941	Hexafluronium	0	0	2
DB01355	Hexobarbital	0	0	17
DB00473	Hexylcaine	0	0	5
DB00667	Histamine Phosphate	0	0	13
DB00725	Homatropine Methylbromide	0	0	5
DB04865	Homoharringtonine	0	0	1
DB01275	Hydralazine	0	0	4
DB00999	Hydrochlorothiazide	2	0	11
DB00956	Hydrocodone	0	0	5
DB00769	Hydrocortamate	0	0	2
DB00741	Hydrocortisone	7	0	20
DB00774	Hydroflumethiazide	1	0	13
DB00327	Hydromorphone	0	0	8
DB00200	Hydroxocobalamin	0	0	11
DB01611	Hydroxychloroquine	0	0	3
DB08847	Hydroxyproline	0	0	1
DB01005	Hydroxyurea	4	0	7
DB00557	Hydroxyzine	0	0	2
DB00424	Hyoscyamine	1	0	5
DB00710	Ibandronate	1	0	2
DB05266	Ibudilast	0	0	5
DB01050	Ibuprofen	0	0	26
DB00308	Ibutilide	0	0	10
DB06196	Icatibant	0	0	2
DB00159	Icosapent	0	0	11
DB08887	Icosapent ethyl	0	0	1
DB01177	Idarubicin	2	0	6
DB08954	Ifenprodil	0	0	6
DB01181	Ifosfamide	3	0	14
DB04946	Iloperidone	0	0	22
DB01088	Iloprost	0	0	10
DB00619	Imatinib	1	0	38
DB00458	Imipramine	0	0	36
DB00724	Imiquimod	1	0	5
DB06255	Incadronate	0	0	1
DB05039	Indacaterol	1	0	6
DB00808	Indapamide	1	0	12
DB00192	Indecainide	0	0	1
DB00224	Indinavir	1	0	14
DB00328	Indomethacin	1	0	32
DB05013	Ingenol Mebutate	0	0	2
DB06704	Iobenguane	0	0	1
DB04711	Iodipamide	0	0	1
DB08824	Ioflupane I 123	0	0	1
DB00332	Ipratropium bromide	1	0	9
DB01029	Irbesartan	2	0	12
DB00762	Irinotecan	5	0	25
DB08944	Isoaminile	0	0	1
DB01247	Isocarboxazid	0	0	2
DB00221	Isoetarine	1	0	3
DB00753	Isoflurane	0	0	34
DB00677	Isoflurophate	0	0	3
DB06706	Isometheptene	0	0	2
DB00951	Isoniazid	0	0	9
DB01064	Isoprenaline	1	0	10
DB01625	Isopropamide	0	0	3
DB00883	Isosorbide Dinitrate	0	0	6
DB01020	Isosorbide Mononitrate	0	0	4
DB08802	Isothipendyl	0	0	1
DB00982	Isotretinoin	0	0	6
DB00270	Isradipine	1	0	9
DB01167	Itraconazole	0	0	10
DB08820	Ivacaftor	0	0	5
DB00602	Ivermectin	0	0	8
DB04845	Ixabepilone	0	0	10
DB01321	Josamycin	0	0	1
DB01221	Ketamine	0	0	19
DB01587	Ketazolam	0	0	9
DB06738	Ketobemidone	0	0	10
DB01026	Ketoconazole	0	0	27
DB01009	Ketoprofen	0	0	13
DB00465	Ketorolac	0	0	2
DB00920	Ketotifen	1	0	11
DB00160	L-Alanine	0	0	14
DB00125	L-Arginine	0	0	12
DB00174	L-Asparagine	0	0	7
DB00128	L-Aspartic Acid	0	0	21
DB00583	L-Carnitine	0	0	14
DB00155	L-Citrulline	0	0	12
DB00151	L-Cysteine	0	0	15
DB00138	L-Cystine	0	0	5
DB01235	L-DOPA	0	0	12
DB00130	L-Glutamine	0	0	26
DB00117	L-Histidine	0	0	5
DB00167	L-Isoleucine	0	0	6
DB00149	L-Leucine	0	0	8
DB00123	L-Lysine	0	0	7
DB00134	L-Methionine	0	0	16
DB00129	L-Ornithine	0	0	14
DB00120	L-Phenylalanine	0	0	8
DB00172	L-Proline	0	0	22
DB00133	L-Serine	0	0	9
DB00156	L-Threonine	0	0	4
DB00150	L-Tryptophan	0	0	9
DB00135	L-Tyrosine	0	0	6
DB00161	L-Valine	0	0	4
DB08933	LULICONAZOLE	0	0	2
DB00598	Labetalol	1	0	5
DB06218	Lacosamide	0	0	11
DB00709	Lamivudine	2	0	21
DB00555	Lamotrigine	0	0	11
DB00448	Lansoprazole	0	0	15
DB01259	Lapatinib	0	0	11
DB00654	Latanoprost	0	0	3
DB01097	Leflunomide	3	0	9
DB00480	Lenalidomide	1	0	6
DB00528	Lercanidipine	0	0	8
DB01006	Letrozole	1	0	4
DB00650	Leucovorin	0	0	4
DB00504	Levallorphan	0	0	1
DB01202	Levetiracetam	1	0	5
DB01210	Levobunolol	1	0	3
DB01002	Levobupivacaine	0	0	4
DB01106	Levocabastine	0	0	2
DB01137	Levofloxacin	0	0	7
DB01227	Levomethadyl Acetate	0	0	8
DB08918	Levomilnacipran	0	0	8
DB06707	Levonordefrin	0	0	5
DB00367	Levonorgestrel	0	0	7
DB00854	Levorphanol	0	0	3
DB00922	Levosimendan	0	0	4
DB00451	Levothyroxine	1	0	17
DB00281	Lidocaine	0	0	20
DB08890	Linaclotide	0	0	1
DB08882	Linagliptin	1	0	4
DB00431	Lindane	0	0	5
DB00601	Linezolid	0	0	2
DB00279	Liothyronine	1	0	17
DB01583	Liotrix	0	0	17
DB00166	Lipoic Acid	0	0	5
DB01255	Lisdexamfetamine	0	0	4
DB00722	Lisinopril	3	0	7
DB00589	Lisuride	0	0	19
DB01356	Lithium	0	0	5
DB04948	Lofexidine	0	0	2
DB00978	Lomefloxacin	0	0	4
DB08827	Lomitapide	0	0	3
DB01206	Lomustine	1	0	4
DB00836	Loperamide	0	0	13
DB01601	Lopinavir	1	0	8
DB00455	Loratadine	2	0	10
DB00186	Lorazepam	0	0	5
DB06725	Lornoxicam	0	0	3
DB00678	Losartan	3	0	23
DB00873	Loteprednol	0	0	1
DB00227	Lovastatin	2	0	21
DB00408	Loxapine	0	0	32
DB01046	Lubiprostone	0	0	2
DB04967	Lucanthone	0	0	3
DB06708	Lumefantrine	0	0	2
DB01283	Lumiracoxib	0	0	6
DB08815	Lurasidone	0	0	7
DB08932	MACITENTAN	0	0	5
DB06795	Mafenide	0	0	5
DB00653	Magnesium Sulfate	0	0	6
DB01397	Magnesium salicylate	0	0	3
DB00772	Malathion	0	0	3
DB00742	Mannitol	0	0	1
DB00934	Maprotiline	0	0	16
DB04835	Maraviroc	0	0	2
DB00786	Marimastat	0	0	24
DB00179	Masoprocol	0	0	5
DB00579	Mazindol	0	0	4
DB00643	Mebendazole	0	0	5
DB00657	Mecamylamine	1	0	4
DB00888	Mechlorethamine	1	0	1
DB00737	Meclizine	0	0	2
DB00939	Meclofenamic acid	0	0	8
DB00603	Medroxyprogesterone Acetate	1	0	11
DB00253	Medrysone	0	0	2
DB00784	Mefenamic acid	0	0	7
DB00358	Mefloquine	0	0	10
DB00351	Megestrol acetate	0	0	3
DB01065	Melatonin	0	0	20
DB00814	Meloxicam	0	0	7
DB01042	Melphalan	3	0	5
DB01043	Memantine	1	0	11
DB00170	Menadione	0	0	21
DB00825	Menthol	0	0	4
DB04843	Mepenzolate	0	0	3
DB01365	Mephentermine	0	0	1
DB00961	Mepivacaine	0	0	8
DB00371	Meprobamate	0	0	11
DB06691	Mepyramine	0	0	4
DB01071	Mequitazine	0	0	4
DB01033	Mercaptopurine	2	0	14
DB00244	Mesalazine	2	0	9
DB00933	Mesoridazine	0	0	10
DB01357	Mestranol	0	0	2
DB00610	Metaraminol	0	0	1
DB00331	Metformin	3	0	59
DB06709	Methacholine	0	0	2
DB00931	Methacycline	0	0	1
DB00333	Methadone	0	0	19
DB01433	Methadyl Acetate	0	0	1
DB01577	Methamphetamine	0	0	14
DB00940	Methantheline	0	0	2
DB00703	Methazolamide	1	0	17
DB00902	Methdilazine	0	0	1
DB00763	Methimazole	0	0	9
DB00423	Methocarbamol	0	0	1
DB00474	Methohexital	0	0	3
DB00563	Methotrexate	17	0	48
DB01403	Methotrimeprazine	0	0	22
DB00723	Methoxamine	0	0	3
DB00553	Methoxsalen	0	0	5
DB01028	Methoxyflurane	0	0	29
DB05246	Methsuximide	0	0	4
DB00232	Methyclothiazide	0	0	5
DB00992	Methyl aminolevulinate	0	0	1
DB00968	Methyldopa	0	0	4
DB00353	Methylergometrine	0	0	7
DB06800	Methylnaltrexone	0	0	3
DB00422	Methylphenidate	0	0	4
DB00849	Methylphenobarbital	0	0	13
DB00959	Methylprednisolone	9	0	12
DB00462	Methylscopolamine bromide	0	0	4
DB06710	Methyltestosterone	0	0	8
DB01107	Methyprylon	0	0	4
DB00247	Methysergide	0	0	11
DB01214	Metipranolol	1	0	3
DB00340	Metixene	0	0	6
DB01233	Metoclopramide	0	0	9
DB01336	Metocurine	0	0	5
DB00524	Metolazone	0	0	7
DB00264	Metoprolol	1	0	7
DB00916	Metronidazole	0	0	3
DB01011	Metyrapone	0	0	6
DB00765	Metyrosine	0	0	1
DB00379	Mexiletine	0	0	11
DB06148	Mianserin	0	0	24
DB01141	Micafungin	0	0	2
DB01110	Miconazole	0	0	27
DB00683	Midazolam	1	0	30
DB00211	Midodrine	0	0	5
DB00834	Mifepristone	0	0	10
DB00491	Miglitol	0	0	5
DB00419	Miglustat	0	0	2
DB04896	Milnacipran	0	0	2
DB00235	Milrinone	0	0	1
DB01055	Mimosine	0	0	3
DB00805	Minaprine	0	0	10
DB01017	Minocycline	0	0	11
DB00350	Minoxidil	1	0	5
DB08893	Mirabegron	0	0	8
DB00370	Mirtazapine	0	0	25
DB00929	Misoprostol	0	0	3
DB01252	Mitiglinide	0	0	5
DB00305	Mitomycin	1	0	3
DB00648	Mitotane	0	0	5
DB01204	Mitoxantrone	4	0	15
DB01226	Mivacurium	0	0	7
DB01171	Moclobemide	0	0	6
DB00745	Modafinil	0	0	8
DB00691	Moexipril	1	0	5
DB01618	Molindone	0	0	6
DB00764	Mometasone	2	0	4
DB00600	Monobenzone	0	0	1
DB00471	Montelukast	2	0	10
DB00680	Moricizine	0	0	1
DB00295	Morphine	0	0	14
DB00218	Moxifloxacin	0	0	1
DB00410	Mupirocin	0	0	1
DB00688	Mycophenolate mofetil	3	0	23
DB01024	Mycophenolic acid	2	0	9
DB00141	N-Acetyl-D-glucosamine	0	0	8
DB00486	Nabilone	0	0	2
DB00461	Nabumetone	0	0	4
DB01203	Nadolol	1	0	5
DB00666	Nafarelin	0	0	1
DB00607	Nafcillin	0	0	3
DB00735	Naftifine	0	0	2
DB00844	Nalbuphine	0	0	3
DB00779	Nalidixic Acid	0	0	2
DB01183	Naloxone	0	0	11
DB00704	Naltrexone	0	0	5
DB08804	Nandrolone decanoate	0	0	4
DB00984	Nandrolone phenpropionate	0	0	2
DB06711	Naphazoline	0	0	5
DB00788	Naproxen	0	0	11
DB00952	Naratriptan	0	0	5
DB00731	Nateglinide	1	0	19
DB04861	Nebivolol	1	0	5
DB00716	Nedocromil	0	0	5
DB01149	Nefazodone	0	0	15
DB01280	Nelarabine	1	0	5
DB00220	Nelfinavir	1	0	15
DB01400	Neostigmine	0	0	3
DB06802	Nepafenac	0	0	2
DB00238	Nevirapine	1	0	8
DB00627	Niacin	1	0	11
DB00622	Nicardipine	1	0	27
DB00699	Nicergoline	0	0	2
DB06803	Niclosamide	0	0	3
DB00184	Nicotine	0	0	32
DB01115	Nifedipine	1	0	26
DB04552	Niflumic Acid	0	0	8
DB04868	Nilotinib	1	0	48
DB00665	Nilutamide	1	0	6
DB06712	Nilvadipine	0	0	13
DB00393	Nimodipine	0	0	12
DB00401	Nisoldipine	1	0	12
DB00348	Nitisinone	0	0	1
DB01595	Nitrazepam	0	0	23
DB01054	Nitrendipine	0	0	13
DB00435	Nitric Oxide	0	0	7
DB00336	Nitrofural	0	0	2
DB00698	Nitrofurantoin	0	0	2
DB00727	Nitroglycerin	0	0	5
DB00325	Nitroprusside	0	0	7
DB01422	Nitroxoline	0	0	1
DB00585	Nizatidine	0	0	3
DB06804	Nonoxynol-9	0	0	1
DB06713	Norelgestromin	0	0	2
DB00368	Norepinephrine	0	0	20
DB00717	Norethindrone	0	0	9
DB01059	Norfloxacin	0	0	10
DB00957	Norgestimate	0	0	3
DB00540	Nortriptyline	0	0	26
DB01051	Novobiocin	0	0	5
DB00104	Octreotide	1	0	7
DB01165	Ofloxacin	0	0	7
DB00334	Olanzapine	0	0	39
DB00275	Olmesartan	2	0	6
DB00768	Olopatadine	1	0	8
DB01250	Olsalazine	1	0	7
DB00338	Omeprazole	1	0	16
DB00904	Ondansetron	0	0	16
DB00816	Orciprenaline	1	0	2
DB01083	Orlistat	2	0	12
DB01173	Orphenadrine	0	0	16
DB00198	Oseltamivir	0	0	6
DB04938	Ospemifene	0	0	5
DB01092	Ouabain	0	0	9
DB00713	Oxacillin	0	0	2
DB00526	Oxaliplatin	0	0	21
DB01096	Oxamniquine	0	0	1
DB00621	Oxandrolone	0	0	1
DB00991	Oxaprozin	0	0	3
DB00842	Oxazepam	0	0	27
DB00776	Oxcarbazepine	1	0	6
DB00239	Oxiconazole	0	0	2
DB01580	Oxprenolol	0	0	4
DB01303	Oxtriphylline	0	0	12
DB00892	Oxybuprocaine	0	0	5
DB01062	Oxybutynin	0	0	8
DB00497	Oxycodone	0	0	8
DB00935	Oxymetazoline	0	0	13
DB01192	Oxymorphone	0	0	5
DB00383	Oxyphencyclimine	0	0	3
DB00219	Oxyphenonium	0	0	2
DB00595	Oxytetracycline	0	0	4
DB01229	Paclitaxel	3	0	32
DB01267	Paliperidone	0	0	18
DB00377	Palonosetron	0	0	4
DB00282	Pamidronate	2	0	3
DB01337	Pancuronium	0	0	9
DB00213	Pantoprazole	0	0	9
DB01113	Papaverine	0	0	4
DB00617	Paramethadione	0	0	7
DB01384	Paramethasone	0	0	3
DB01626	Pargyline	0	0	2
DB00910	Paricalcitol	0	0	4
DB00715	Paroxetine	0	0	15
DB06663	Pasireotide	0	0	4
DB06589	Pazopanib	1	0	41
DB00487	Pefloxacin	0	0	2
DB00642	Pemetrexed	1	0	8
DB01359	Penbutolol	2	0	7
DB00859	Penicillamine	1	0	2
DB00183	Pentagastrin	0	0	2
DB00738	Pentamidine	0	0	11
DB00652	Pentazocine	0	0	5
DB00312	Pentobarbital	0	0	17
DB01090	Pentolinium	0	0	3
DB00686	Pentosan Polysulfate	0	0	3
DB00552	Pentostatin	0	0	1
DB00806	Pentoxifylline	2	0	10
DB01186	Pergolide	0	0	20
DB01074	Perhexiline	0	0	5
DB00790	Perindopril	1	0	6
DB04930	Permethrin	0	0	3
DB00850	Perphenazine	0	0	21
DB00454	Pethidine	0	0	16
DB01121	Phenacemide	0	0	1
DB01438	Phenazopyridine	0	0	10
DB01579	Phendimetrazine	0	0	4
DB00780	Phenelzine	0	0	14
DB00914	Phenformin	0	0	5
DB01619	Phenindamine	0	0	1
DB00498	Phenindione	0	0	1
DB01620	Pheniramine	0	0	1
DB00830	Phenmetrazine	0	0	2
DB01174	Phenobarbital	1	0	29
DB00925	Phenoxybenzamine	0	0	14
DB00946	Phenprocoumon	0	0	6
DB00832	Phensuximide	0	0	4
DB00191	Phentermine	0	0	8
DB00692	Phentolamine	0	0	8
DB00812	Phenylbutazone	0	0	8
DB00388	Phenylephrine	0	0	5
DB00397	Phenylpropanolamine	0	0	9
DB00252	Phenytoin	1	0	22
DB00144	Phosphatidylserine	0	0	10
DB01022	Phylloquinone	0	0	2
DB00981	Physostigmine	1	0	3
DB01085	Pilocarpine	1	0	7
DB00337	Pimecrolimus	1	0	4
DB01100	Pimozide	0	0	23
DB00960	Pindolol	1	0	7
DB01132	Pioglitazone	1	0	10
DB01338	Pipecuronium	0	0	7
DB00319	Piperacillin	0	0	1
DB00592	Piperazine	0	0	2
DB01621	Pipotiazine	0	0	10
DB01291	Pirbuterol	1	0	3
DB00670	Pirenzepine	0	0	2
DB00554	Piroxicam	0	0	8
DB08860	Pitavastatin	1	0	15
DB06809	Plerixafor	0	0	1
DB01179	Podofilox	0	0	6
DB01324	Polythiazide	0	0	1
DB08910	Pomalidomide	0	0	6
DB08901	Ponatinib	0	0	22
DB00707	Porfimer	0	0	2
DB01263	Posaconazole	0	0	2
DB00761	Potassium Chloride	0	0	6
DB01297	Practolol	0	0	1
DB06813	Pralatrexate	0	0	4
DB00733	Pralidoxime	0	0	2
DB00413	Pramipexole	0	0	16
DB01411	Pranlukast	0	0	9
DB06209	Prasugrel	0	0	7
DB00175	Pravastatin	2	0	21
DB01588	Prazepam	0	0	17
DB01058	Praziquantel	0	0	8
DB00457	Prazosin	1	0	19
DB01130	Prednicarbate	0	0	1
DB00860	Prednisolone	9	0	16
DB00635	Prednisone	10	0	17
DB00230	Pregabalin	1	0	5
DB00750	Prilocaine	0	0	4
DB01087	Primaquine	0	0	8
DB00794	Primidone	1	0	20
DB01032	Probenecid	1	0	30
DB01599	Probucol	0	0	2
DB01035	Procainamide	0	0	20
DB00721	Procaine	0	0	6
DB01168	Procarbazine	2	0	4
DB01366	Procaterol	0	0	1
DB00433	Prochlorperazine	0	0	7
DB00387	Procyclidine	0	0	4
DB01123	Proflavine	0	0	1
DB00837	Progabide	0	0	2
DB00396	Progesterone	1	0	29
DB01131	Proguanil	1	0	8
DB00420	Promazine	0	0	19
DB01069	Promethazine	0	0	17
DB01182	Propafenone	0	0	9
DB00782	Propantheline	1	0	4
DB00807	Proparacaine	0	0	4
DB01608	Propericiazine	0	0	3
DB00777	Propiomazine	0	0	14
DB00818	Propofol	1	0	26
DB00571	Propranolol	2	0	18
DB06714	Propylhexedrine	0	0	2
DB00550	Propylthiouracil	1	0	5
DB00344	Protriptyline	0	0	4
DB00852	Pseudoephedrine	0	0	12
DB00339	Pyrazinamide	0	0	4
DB00545	Pyridostigmine	0	0	3
DB00147	Pyridoxal	0	0	1
DB00165	Pyridoxine	0	0	2
DB00205	Pyrimethamine	1	0	5
DB00119	Pyruvic acid	0	0	16
DB01589	Quazepam	0	0	18
DB01224	Quetiapine	0	0	34
DB01103	Quinacrine	0	0	8
DB00881	Quinapril	0	0	3
DB04575	Quinestrol	0	0	1
DB01325	Quinethazone	0	0	5
DB00908	Quinidine	1	0	30
DB01346	Quinidine barbiturate	0	0	8
DB00468	Quinine	1	0	22
DB01369	Quinupristin	0	0	1
DB01129	Rabeprazole	0	0	9
DB00481	Raloxifene	1	0	12
DB06817	Raltegravir	0	0	2
DB00293	Raltitrexed	0	0	2
DB00980	Ramelteon	0	0	5
DB00178	Ramipril	4	0	8
DB00863	Ranitidine	0	0	9
DB00243	Ranolazine	0	0	4
DB01367	Rasagiline	0	0	3
DB00234	Reboxetine	0	0	6
DB06213	Regadenoson	0	0	1
DB08896	Regorafenib	0	0	28
DB00899	Remifentanil	0	0	3
DB00212	Remikiren	0	0	1
DB00409	Remoxipride	0	0	6
DB00912	Repaglinide	1	0	8
DB01180	Rescinnamine	0	0	2
DB00206	Reserpine	1	0	9
DB01256	Retapamulin	0	0	1
DB00811	Ribavirin	0	0	6
DB00140	Riboflavin	0	0	5
DB01207	Ridogrel	0	0	2
DB00615	Rifabutin	0	0	4
DB01045	Rifampicin	1	0	27
DB01201	Rifapentine	0	0	8
DB01220	Rifaximin	0	0	2
DB08864	Rilpivirine	0	0	9
DB00740	Riluzole	1	0	6
DB00896	Rimexolone	0	0	2
DB06155	Rimonabant	0	0	6
DB00884	Risedronate	1	0	3
DB00734	Risperidone	0	0	25
DB00867	Ritodrine	0	0	3
DB00503	Ritonavir	1	0	19
DB06228	Rivaroxaban	0	0	5
DB00989	Rivastigmine	1	0	5
DB00953	Rizatriptan	0	0	6
DB00728	Rocuronium	0	0	8
DB01656	Roflumilast	1	0	5
DB01301	Rolitetracycline	0	0	1
DB00268	Ropinirole	0	0	17
DB00296	Ropivacaine	0	0	12
DB00412	Rosiglitazone	1	0	12
DB01098	Rosuvastatin	2	0	17
DB05271	Rotigotine	0	0	10
DB08806	Roxatidine acetate	0	0	1
DB00778	Roxithromycin	0	0	4
DB06201	Rufinamide	1	0	16
DB08877	Ruxolitinib	1	0	44
DB00118	S-Adenosylmethionine	0	0	9
DB06290	SIMEPREVIR	0	0	6
DB01001	Salbutamol	2	0	5
DB01398	Salicylate-sodium	0	0	2
DB00936	Salicylic acid	0	0	13
DB00938	Salmeterol	0	0	6
DB01399	Salsalate	0	0	2
DB01347	Saprisartan	0	0	1
DB01232	Saquinavir	1	0	19
DB06335	Saxagliptin	0	0	8
DB00747	Scopolamine	0	0	7
DB00418	Secobarbital	0	0	16
DB01037	Selegiline	0	0	12
DB01153	Sertaconazole	0	0	1
DB06144	Sertindole	0	0	20
DB01104	Sertraline	0	0	13
DB01236	Sevoflurane	0	0	32
DB01105	Sibutramine	0	0	4
DB00203	Sildenafil	0	0	17
DB06207	Silodosin	0	0	7
DB00641	Simvastatin	1	0	19
DB00877	Sirolimus	0	0	11
DB01261	Sitagliptin	0	0	4
DB06268	Sitaxentan	0	0	5
DB00464	Sodium Tetradecyl Sulfate	0	0	2
DB01390	Sodium bicarbonate	0	0	5
DB00815	Sodium lauryl sulfate	0	0	1
DB05630	Sodium stibogluconate	0	0	1
DB08934	Sofosbuvir	0	0	1
DB01591	Solifenacin	0	0	6
DB00398	Sorafenib	3	0	55
DB00489	Sotalol	0	0	3
DB08835	Spaglumic Acid	0	0	1
DB01208	Sparfloxacin	0	0	4
DB00127	Spermine	0	0	14
DB01348	Spirapril	0	0	3
DB00421	Spironolactone	1	0	12
DB06718	Stanozolol	0	0	1
DB00649	Stavudine	1	0	3
DB01082	Streptomycin	0	0	1
DB00428	Streptozocin	0	0	5
DB00139	Succinic acid	0	0	27
DB00202	Succinylcholine	0	0	10
DB00364	Sucralfate	0	0	7
DB00708	Sufentanil	0	0	4
DB00359	Sulfadiazine	1	0	5
DB06150	Sulfadimethoxine	0	0	1
DB01581	Sulfamerazine	0	0	1
DB01582	Sulfamethazine	0	0	1
DB00576	Sulfamethizole	0	0	2
DB01015	Sulfamethoxazole	0	0	8
DB08798	Sulfamoxole	0	0	1
DB00259	Sulfanilamide	0	0	10
DB06729	Sulfaphenazole	0	0	5
DB00891	Sulfapyridine	0	0	1
DB00795	Sulfasalazine	3	0	18
DB06147	Sulfathiazole	0	0	1
DB01138	Sulfinpyrazone	0	0	13
DB00263	Sulfisoxazole	0	0	2
DB00605	Sulindac	0	0	10
DB00391	Sulpiride	0	0	7
DB00669	Sumatriptan	0	0	11
DB01268	Sunitinib	2	0	134
DB00870	Suprofen	0	0	5
DB04786	Suramin	0	0	10
DB00864	Tacrolimus	1	0	12
DB00820	Tadalafil	0	0	3
DB08819	Tafluprost	0	0	2
DB00306	Talbutal	0	0	21
DB04942	Tamibarotene	0	0	2
DB00675	Tamoxifen	2	0	33
DB00706	Tamsulosin	0	0	11
DB06204	Tapentadol	0	0	11
DB01349	Tasosartan	0	0	3
DB08834	Tauroursodeoxycholic acid	0	0	2
DB00799	Tazarotene	1	0	6
DB05521	Telaprevir	0	0	8
DB00976	Telithromycin	0	0	6
DB00966	Telmisartan	2	0	9
DB00231	Temazepam	0	0	25
DB00853	Temozolomide	2	0	3
DB06287	Temsirolimus	0	0	8
DB00444	Teniposide	2	0	11
DB00300	Tenofovir	0	0	11
DB00469	Tenoxicam	0	0	4
DB01162	Terazosin	0	0	7
DB00857	Terbinafine	0	0	10
DB00871	Terbutaline	1	0	3
DB02638	Terlipressin	0	0	3
DB00894	Testolactone	0	0	1
DB00624	Testosterone	0	0	27
DB01420	Testosterone Propionate	0	0	4
DB04844	Tetrabenazine	0	0	4
DB00759	Tetracycline	0	0	7
DB00360	Tetrahydrobiopterin	0	0	5
DB00116	Tetrahydrofolic acid	0	0	12
DB01041	Thalidomide	1	0	13
DB01412	Theobromine	0	0	5
DB00277	Theophylline	1	0	22
DB00730	Thiabendazole	0	0	2
DB00152	Thiamine	0	0	6
DB01154	Thiamylal	0	0	19
DB00599	Thiopental	0	0	16
DB01622	Thioproperazine	0	0	8
DB00679	Thioridazine	0	0	19
DB04572	Thiotepa	4	0	6
DB01623	Thiothixene	0	0	12
DB00906	Tiagabine	0	0	2
DB01600	Tiaprofenic acid	0	0	2
DB08816	Ticagrelor	1	0	4
DB00208	Ticlopidine	0	0	11
DB01133	Tiludronate	1	0	3
DB00373	Timolol	3	0	9
DB00911	Tinidazole	0	0	1
DB01007	Tioconazole	0	0	9
DB00352	Tioguanine	0	0	4
DB01409	Tiotropium	2	0	10
DB00932	Tipranavir	0	0	3
DB00775	Tirofiban	1	0	3
DB00697	Tizanidine	0	0	5
DB01056	Tocainide	0	0	12
DB08811	Tofisopam	0	0	5
DB00839	Tolazamide	1	0	4
DB00797	Tolazoline	0	0	6
DB01124	Tolbutamide	0	0	12
DB00323	Tolcapone	0	0	2
DB00500	Tolmetin	0	0	6
DB01036	Tolterodine	0	0	10
DB06212	Tolvaptan	0	0	4
DB00273	Topiramate	2	0	27
DB01030	Topotecan	3	0	8
DB00214	Torasemide	1	0	6
DB00539	Toremifene	1	0	6
DB05109	Trabectedin	0	0	7
DB00193	Tramadol	0	0	11
DB08911	Trametinib	0	0	4
DB00519	Trandolapril	2	0	6
DB00302	Tranexamic Acid	0	0	2
DB00752	Tranylcypromine	0	0	9
DB00287	Travoprost	0	0	1
DB00656	Trazodone	0	0	15
DB00374	Treprostinil	0	0	4
DB00755	Tretinoin	1	0	25
DB00620	Triamcinolone	9	0	14
DB00384	Triamterene	1	0	6
DB00897	Triazolam	0	0	26
DB01021	Trichlormethiazide	0	0	12
DB08604	Triclosan	0	0	1
DB00831	Trifluoperazine	0	0	21
DB00508	Triflupromazine	0	0	7
DB00432	Trifluridine	0	0	4
DB00376	Trihexyphenidyl	0	0	5
DB01108	Trilostane	0	0	4
DB00347	Trimethadione	1	0	7
DB01116	Trimethaphan	0	0	4
DB00440	Trimethoprim	0	0	6
DB01157	Trimetrexate	0	0	1
DB00726	Trimipramine	0	0	19
DB00792	Tripelennamine	0	0	2
DB00427	Triprolidine	0	0	2
DB01401	Trisalicylate-choline	0	0	2
DB01361	Troleandomycin	0	0	9
DB00809	Tropicamide	0	0	4
DB00209	Trospium	0	0	4
DB00685	Trovafloxacin	0	0	1
DB01199	Tubocurarine	0	0	9
DB06439	Tyloxapol	0	0	1
DB06267	Udenafil	0	0	3
DB01586	Ursodeoxycholic acid	0	0	9
DB00577	Valaciclovir	0	0	6
DB01610	Valganciclovir	0	0	3
DB00313	Valproic Acid	1	0	30
DB00385	Valrubicin	1	0	2
DB00177	Valsartan	2	0	7
DB00512	Vancomycin	0	0	1
DB05294	Vandetanib	1	0	45
DB04894	Vapreotide	0	0	3
DB00862	Vardenafil	0	0	8
DB01273	Varenicline	1	0	7
DB01339	Vecuronium	0	0	6
DB08881	Vemurafenib	2	0	11
DB00285	Venlafaxine	0	0	11
DB00661	Verapamil	2	0	43
DB00194	Vidarabine	0	0	4
DB01080	Vigabatrin	0	0	3
DB06684	Vilazodone	0	0	6
DB04876	Vildagliptin	0	0	2
DB00570	Vinblastine	4	0	27
DB00541	Vincristine	6	0	30
DB00309	Vindesine	0	0	2
DB00361	Vinorelbine	4	0	16
DB08828	Vismodegib	1	0	11
DB00162	Vitamin A	0	0	22
DB00126	Vitamin C	1	0	24
DB00163	Vitamin E	0	0	19
DB04877	Voacamine	0	0	1
DB04878	Voglibose	0	0	3
DB00582	Voriconazole	0	0	10
DB02546	Vorinostat	1	0	11
DB05389	WF10	0	0	2
DB00682	Warfarin	0	0	10
DB00137	Xanthophyll	0	0	1
DB04898	Ximelagatran	0	0	2
DB06694	Xylometazoline	0	0	8
DB01392	Yohimbine	0	0	17
DB00549	Zafirlukast	1	0	12
DB00943	Zalcitabine	0	0	12
DB00962	Zaleplon	0	0	11
DB00558	Zanamivir	0	0	1
DB00495	Zidovudine	1	0	21
DB00744	Zileuton	1	0	9
DB00246	Ziprasidone	0	0	34
DB00399	Zoledronate	2	0	8
DB00315	Zolmitriptan	0	0	6
DB00425	Zolpidem	0	0	15
DB00909	Zonisamide	0	0	34
DB01198	Zopiclone	0	0	14
DB01624	Zuclopenthixol	0	0	9
